filename,is_illegal
session_0003960194,1
session_0005840196,0
session_0025450757,0
session_0029922803,0
session_0064281061,1
session_0071280153,0
session_0080153528,1
session_0083463746,0
session_0101735014,0
session_0111356050,1
session_0126772600,1
session_0128859274,1
session_0139259699,0
session_0147719489,1
session_0148970615,0
session_0155746039,0
session_0166199610,0
session_0170625567,1
session_0172860263,1
session_0172989910,1
session_0195566274,0
session_0200062241,0
session_0223955219,0
session_0228122983,1
session_0233596484,1
session_0244684556,0
session_0249395771,1
session_0270940804,0
session_0280517098,1
session_0305187451,1
session_0305606782,1
session_0326724732,1
session_0334337435,0
session_0376544801,1
session_0379715237,0
session_0402994139,1
session_0408822104,1
session_0458723853,0
session_0462903577,1
session_0477165267,0
session_0482518942,0
session_0486100880,1
session_0489826159,0
session_0493270999,1
session_0508486473,1
session_0510101673,0
session_0510406466,0
session_0512046694,1
session_0537801506,0
session_0542118784,1
session_0590731055,1
session_0593223632,0
session_0611188910,0
session_0612796637,1
session_0626697371,0
session_0647531474,1
session_0668352196,1
session_0697506648,0
session_0718520474,1
session_0719528275,1
session_0733542929,1
session_0743065918,0
session_0750796173,1
session_0770188364,0
session_0797370695,0
session_0799578885,0
session_0812869833,0
session_0815666379,0
session_0831009063,0
session_0838891042,0
session_0841557171,1
session_0843115603,1
session_0844521549,0
session_0859353781,1
session_0861337889,1
session_0864574884,0
session_0867569021,1
session_0893120027,0
session_0900979755,0
session_0953745782,1
session_0966487358,0
session_0984393142,1
session_0989732540,1
session_1016856509,0
session_1063325046,1
session_1065465945,0
session_1067162598,1
session_1076519237,0
session_1081274523,1
session_1129865931,0
session_1149922141,1
session_1164286300,0
session_1177848198,0
session_1178629549,0
session_1193964670,0
session_1196335015,1
session_1244242475,0
session_1256331958,0
session_1271171766,1
session_1273150073,0
session_1281792837,0
session_1306722148,0
session_1311858241,0
session_1316321566,1
session_1324126678,0
session_1334666365,0
session_1376706431,1
session_1386411131,1
session_1388817097,1
session_1414301302,1
session_1421795197,0
session_1427407488,0
session_1428731346,1
session_1468258531,0
session_1474073005,0
session_1484409764,0
session_1498771725,0
session_1503605581,1
session_1535403881,1
session_1553613542,1
session_1567411744,0
session_1581692104,1
session_1618522149,1
session_1619535766,0
session_1649882646,1
session_1653923890,0
session_1656689994,1
session_1667382627,0
session_1708671050,1
session_1717253391,0
session_1750509621,1
session_1778570235,0
session_1783392506,0
session_1799284692,1
session_1806185715,0
session_1809941518,0
session_1814762834,0
session_1819563622,0
session_1824070206,0
session_1843905203,0
session_1854610785,1
session_1868010893,0
session_1876247964,0
session_1881356230,0
session_1893250984,1
session_1896830251,0
session_1924699326,0
session_1928096865,1
session_1967235442,0
session_1968614536,1
session_1970148824,0
session_1976172513,1
session_2007540735,0
session_2020107805,1
session_2035629884,0
session_2037079652,1
session_2046923002,1
session_2064160756,1
session_2069574400,0
session_2083267904,0
session_2092170870,1
session_2099251918,0
session_2110642502,0
session_2116060291,1
session_2177337196,1
session_2189267771,0
session_2194913037,0
session_2203453961,1
session_2211907871,0
session_2222178768,1
session_2272584671,1
session_2290361531,0
session_2305469177,1
session_2318637737,0
session_2320125003,1
session_2336058051,1
session_2363410078,0
session_2368259027,1
session_2375808482,1
session_2381827805,1
session_2383353199,1
session_2386499713,1
session_2389761713,1
session_2412921544,1
session_2426108754,1
session_2472958094,0
session_2476629136,0
session_2494483407,0
session_2532367006,0
session_2540441733,0
session_2541149709,1
session_2547686354,1
session_2585594441,1
session_2590894741,1
session_2592273518,0
session_2613999059,0
session_2617473265,0
session_2636442787,0
session_2671379191,1
session_2676613576,0
session_2681498481,0
session_2683617861,0
session_2689331954,1
session_2691409086,0
session_2694965772,1
session_2715537964,1
session_2726751248,1
session_2730276507,1
session_2751066909,1
session_2751916214,0
session_2760097341,1
session_2773924704,0
session_2776997709,0
session_2778964895,0
session_2806235778,0
session_2809105327,1
session_2853115772,1
session_2861116304,0
session_2878525110,1
session_2887480941,0
session_2923450227,1
session_2926423726,0
session_2931074825,1
session_2953697423,1
session_2977418379,1
session_3005678154,1
session_3014121416,1
session_3016761703,0
session_3028558496,1
session_3051589624,1
session_3067782503,0
session_3071944492,0
session_3077149461,1
session_3097489009,1
session_3101765401,0
session_3102058551,0
session_3116416990,1
session_3147629890,1
session_3155649031,1
session_3161171774,0
session_3163625589,0
session_3170574491,0
session_3172392634,1
session_3173348385,0
session_3182721337,1
session_3193098342,0
session_3203109772,1
session_3206758270,0
session_3212035675,0
session_3226676976,0
session_3230049516,0
session_3236365486,1
session_3267760096,0
session_3269754223,1
session_3277767566,1
session_3290502212,0
session_3315925736,1
session_3318991223,0
session_3319050185,1
session_3343831517,0
session_3348997730,0
session_3349837388,0
session_3360873587,0
session_3367539943,0
session_3376026513,0
session_3379861047,1
session_3382231612,0
session_3387344935,1
session_3389870646,1
session_3393326634,0
session_3436410606,1
session_3452570104,1
session_3473124800,0
session_3482932637,0
session_3487526409,0
session_3496233301,1
session_3524810503,1
session_3535166347,0
session_3561215335,1
session_3567705649,1
session_3571551367,0
session_3573257812,0
session_3582091129,0
session_3583196291,0
session_3603344105,1
session_3635374508,0
session_3641521673,0
session_3656309644,1
session_3657391768,0
session_3659572440,0
session_3660445831,1
session_3669155019,1
session_3678562948,0
session_3683562482,1
session_3684692596,0
session_3696132790,1
session_3704248627,0
session_3726985009,0
session_3735387695,1
session_3735537656,1
session_3735635217,0
session_3748528962,1
session_3760606976,1
session_3762712464,1
session_3777853846,0
session_3780421656,0
session_3791802350,1
session_3807007352,0
session_3814755566,0
session_3828692242,1
session_3839970917,0
session_3876004338,1
session_3876999904,0
session_3879503861,0
session_3919629858,1
session_3922157039,1
session_3926840201,0
session_3932398331,0
session_3958419196,0
session_3973707215,0
session_3974162531,1
session_3981019566,0
session_3985625607,0
session_4026966824,1
session_4037858026,0
session_4066543084,1
session_4066780045,1
session_4088341904,1
session_4088744338,0
session_4091639526,1
session_4098547958,1
session_4098569257,1
session_4119002624,0
session_4144841412,1
session_4157921188,1
session_4163238472,1
session_4185228735,1
session_4199921692,0
session_4224530762,0
session_4238071281,0
session_4243186683,0
session_4251225905,1
session_4254477956,1
session_4262101552,0
session_4265171670,1
session_4269912456,1
session_4282931799,0
session_4289581476,1
session_4290136840,1
session_4322210317,1
session_4331334148,1
session_4339216244,0
session_4339907415,1
session_4354218638,0
session_4360886220,0
session_4383618618,1
session_4386624259,1
session_4414280148,0
session_4423579184,0
session_4432555629,1
session_4480398495,1
session_4481103124,1
session_4484768740,0
session_4498932663,1
session_4506008213,0
session_4518223786,0
session_4559429580,1
session_4600074976,0
session_4615055511,1
session_4619254586,1
session_4659905162,0
session_4687655362,0
session_4736309542,0
session_4741380705,0
session_4746240778,0
session_4762909710,1
session_4767254104,1
session_4794437261,1
session_4803913319,0
session_4804227584,0
session_4814782358,0
session_4844871120,1
session_4873496968,0
session_4876159319,1
session_4896261465,1
session_4905082660,0
session_4948057062,0
session_4949372670,1
session_4962669721,1
session_4970622399,1
session_4998803513,0
session_5013714842,1
session_5016669083,0
session_5023081923,1
session_5026661112,0
session_5030324559,1
session_5035500864,0
session_5035531254,1
session_5037856261,1
session_5041518490,1
session_5046103917,1
session_5052301661,0
session_5071023384,1
session_5088690608,0
session_5090921415,0
session_5123812030,0
session_5127880135,0
session_5130764696,0
session_5138848212,1
session_5158497089,0
session_5160736279,0
session_5197680121,1
session_5205618080,1
session_5222969532,0
session_5226344095,1
session_5248409822,0
session_5256432882,0
session_5269315187,0
session_5269540222,1
session_5289449664,0
session_5290417223,0
session_5291244662,0
session_5312030236,1
session_5319036655,0
session_5321706137,0
session_5340758381,0
session_5346999982,1
session_5352520893,1
session_5415060346,0
session_5425983208,0
session_5445301341,1
session_5445638904,1
session_5453779030,1
session_5466872812,1
session_5476317070,1
session_5483480261,1
session_5487557068,1
session_5496662888,0
session_5497122814,1
session_5499827097,1
session_5517823185,1
session_5518980455,0
session_5527782146,1
session_5528609206,0
session_5536570637,1
session_5556934089,1
session_5567012419,0
session_5572048254,1
session_5576759361,0
session_5577188457,1
session_5594141097,1
session_5623988336,0
session_5652085012,1
session_5653345386,1
session_5685066201,0
session_5690417333,1
session_5695398064,1
session_5700842190,0
session_5745729038,0
session_5746562839,1
session_5747551041,0
session_5760480696,0
session_5764163634,0
session_5771189096,0
session_5771275112,0
session_5796305508,0
session_5806761857,1
session_5811752669,1
session_5823371082,0
session_5884843843,1
session_5889567297,1
session_5894660899,0
session_5896454946,0
session_5924200824,0
session_5931589642,1
session_5938044199,0
session_5938861210,0
session_5958053029,1
session_5967488943,1
session_5968190840,0
session_5982655120,0
session_6007924250,1
session_6013544622,0
session_6051914984,1
session_6056134961,1
session_6088382546,0
session_6100708780,0
session_6102555994,1
session_6106477620,1
session_6112730640,0
session_6119506741,1
session_6120487222,0
session_6129550717,1
session_6142373482,0
session_6167829880,0
session_6179037141,1
session_6186753676,1
session_6189139492,0
session_6200753435,1
session_6228883788,1
session_6229277499,0
session_6237417362,1
session_6237876052,0
session_6278669958,0
session_6295392963,1
session_6303895598,0
session_6304072815,0
session_6320970139,1
session_6349231133,0
session_6350129821,0
session_6399026328,1
session_6410652005,1
session_6419217298,0
session_6425950736,1
session_6446737316,0
session_6448386600,0
session_6452949084,1
session_6464183153,1
session_6468388206,0
session_6471969473,0
session_6479266110,1
session_6479783256,0
session_6480157843,1
session_6490827344,1
session_6497918859,1
session_6509364535,0
session_6527951269,0
session_6529033101,0
session_6555326593,0
session_6556036411,1
session_6568302079,1
session_6575637744,0
session_6581338506,0
session_6617825429,1
session_6637610294,1
session_6638271928,1
session_6657360579,1
session_6679825465,0
session_6695269196,1
session_6705777193,1
session_6706849000,1
session_6710819502,0
session_6721137284,0
session_6723163956,1
session_6738388054,1
session_6747468371,0
session_6751955279,1
session_6775680298,0
session_6803917267,1
session_6816047521,1
session_6829066411,0
session_6835145359,0
session_6835186342,0
session_6845822655,0
session_6869635181,0
session_6871552747,1
session_6873559742,0
session_6891188294,1
session_6896514118,1
session_6905592155,0
session_6915176151,0
session_6933816157,1
session_6951064037,1
session_6965771386,1
session_6970752744,1
session_6974460768,1
session_6982446047,1
session_6989962465,0
session_7011327614,1
session_7035039573,1
session_7053852427,1
session_7071815036,0
session_7093950723,1
session_7096197451,0
session_7100038229,1
session_7103728864,0
session_7131856482,0
session_7144916399,1
session_7157064073,1
session_7168735362,0
session_7177007633,1
session_7208965815,0
session_7217479988,1
session_7251443361,1
session_7259628766,0
session_7273363943,1
session_7288721890,0
session_7323696974,1
session_7326699927,1
session_7331556356,1
session_7354123043,1
session_7358104277,1
session_7370016891,1
session_7370840078,1
session_7388997727,0
session_7394343234,0
session_7395469781,1
session_7398972341,1
session_7418988874,0
session_7422270211,0
session_7422282952,0
session_7434938340,1
session_7437771065,1
session_7451527108,0
session_7454853209,1
session_7471072415,1
session_7473209927,0
session_7489987884,0
session_7534749559,1
session_7555995161,1
session_7562248450,1
session_7575485743,0
session_7580547206,0
session_7583047056,0
session_7589485664,0
session_7614908860,1
session_7618706636,0
session_7648037009,1
session_7667901628,0
session_7684485021,1
session_7690305433,0
session_7729762375,0
session_7744249581,1
session_7756203951,1
session_7756346661,0
session_7760528986,0
session_7768986100,0
session_7772954143,1
session_7778589669,0
session_7779665504,0
session_7780444958,0
session_7788563873,1
session_7800181258,0
session_7800269296,1
session_7800887945,1
session_7818234002,1
session_7850373093,0
session_7861130331,1
session_7873949379,1
session_7896781089,1
session_7907939720,0
session_7914718036,1
session_7933738052,1
session_7935100368,1
session_7944252331,1
session_7953065762,0
session_7967310508,0
session_7970857766,0
session_7976664538,0
session_7979911880,0
session_7986274484,1
session_7989414599,1
session_7992883230,1
session_7997263430,0
session_8014286229,1
session_8015250878,0
session_8042510915,0
session_8055688583,0
session_8067504883,0
session_8069308945,0
session_8070684894,1
session_8082239300,0
session_8091715457,1
session_8115384066,0
session_8119180048,0
session_8140667141,0
session_8185572921,1
session_8199358611,0
session_8200552592,1
session_8214714439,0
session_8271683052,1
session_8281638783,1
session_8291380356,0
session_8297767726,0
session_8301590977,0
session_8340206664,1
session_8348355115,0
session_8351091371,1
session_8361853378,0
session_8364143294,1
session_8389698709,0
session_8399176672,1
session_8407883787,1
session_8423329764,0
session_8423566466,0
session_8427974282,1
session_8431086878,1
session_8439483653,0
session_8439712811,0
session_8452199606,0
session_8456906043,1
session_8478632285,1
session_8534613968,0
session_8557723888,1
session_8583637812,0
session_8602611959,1
session_8604010887,0
session_8627031256,0
session_8627857957,1
session_8636893699,0
session_8639984402,1
session_8653789319,1
session_8658186994,1
session_8671492463,1
session_8674602823,0
session_8675020847,1
session_8680283238,0
session_8687623726,1
session_8689827198,1
session_8691825471,0
session_8701118698,1
session_8719700167,1
session_8728901791,1
session_8740037149,1
session_8742024614,1
session_8769574094,0
session_8769983957,1
session_8770654755,0
session_8776482178,0
session_8810377918,1
session_8811009703,0
session_8819855375,1
session_8823455059,1
session_8831138885,1
session_8833850952,1
session_8857212561,1
session_8862058156,1
session_8883281313,1
session_8884379611,0
session_8916797638,1
session_8927734902,0
session_8934034457,1
session_8950902312,1
session_8957360206,1
session_8989374051,0
session_8999428064,1
session_9000198916,0
session_9020534315,0
session_9034407980,1
session_9038755287,0
session_9046061162,0
session_9057489846,1
session_9064183032,0
session_9067768063,1
session_9072596713,1
session_9086606611,0
session_9100599511,0
session_9127961354,1
session_9127984644,1
session_9160177818,1
session_9183184177,0
session_9197162417,0
session_9203064974,0
session_9278196183,0
session_9307936288,1
session_9316476581,1
session_9362179236,0
session_9387370115,0
session_9395770534,0
session_9411417025,0
session_9418948998,1
session_9477322863,0
session_9495657954,1
session_9495997885,0
session_9497021147,0
session_9501338931,1
session_9505884451,0
session_9506925023,0
session_9518245436,1
session_9525615730,1
session_9551087650,1
session_9579651012,1
session_9629836105,0
session_9646127676,1
session_9648839315,0
session_9653209270,0
session_9667273084,1
session_9673398856,0
session_9674716665,1
session_9689083079,0
session_9693789671,1
session_9705613967,0
session_9708106289,1
session_9716805694,0
session_9729063367,0
session_9740386657,0
session_9753314758,1
session_9759261305,1
session_9767538073,1
session_9787004965,1
session_9791921163,0
session_9794510496,0
session_9795347408,1
session_9809839685,0
session_9814859818,0
session_9816302916,1
session_9821034386,1
session_9830083627,1
session_9839818954,0
session_9877366244,0
session_9877506321,1
session_9880892041,0
session_9896236015,0
session_9899715696,0
session_9904426178,0
session_9913386649,0
session_9916663391,1
session_9919383972,0
session_9921687223,0
session_9924186646,0
session_9932324920,0
session_9938110038,0
session_9951071945,1
session_9956793065,0
session_9973193301,0
session_9983042278,1
